
--------------------------------------------------------------------------------------
INSERT INTO trainers VALUES(
'trainer1','111',
'김민교','135-805',
'서울특별시 강남구 개포1동#주공아파트 17동 701호',
'테크노휘트니스','010-2499-7448',
'19740408','jmp1533@daum.net',
'u1.jpg',15,
'GTA',1,
180,70,
'테크노휘트니스의 트레이너 김민교입니다!',
sysdate,
1,
1);

--------------------------------------------------------------------------------------
INSERT INTO trainers VALUES(
'trainer2',
'111',
'김수현',
'135-947',
'서울특별시 강남구 일원본동#상록수아파트102동1201호',
'위너짐',
'010-2948-7542',
'19880216',
'Kimsuhyun88@mail.com',
'u3.jpg',
2,
'잘먹고잘살자',
1,
178,
68,
'중랑구에 있는 위너짐 최고의 트레이너입니다',
sysdate,
2,
1);
--------------------------------------------------------------------------------------
INSERT INTO trainers VALUES(
'trainer3',
'111',
'김우빈',
'135-789',
'서울특별시 강남구 압구정동#현대아파트207동1001호',
'탱크짐',
'010-5467-2279',
'19890716',
'Kimoubin@mail.com',
'u4.jpg',
8,
'최영도',
1,
186,
78,
'^^',
sysdate,
2,
1);
--------------------------------------------------------------------------------------
INSERT INTO trainers VALUES(
'HyungSikJJANG',
'111',
'박형식',
'121-779',
'서울특별시 마포구 도화동#한화오벨리스크2016호',
'휘트니스투데이 여의도센터',
'010-6781-9734',
19890901,
'HSK911116@mail.com',
'u6.jpg',
1,
'철원',
1,
173,
65,
'휘트니스투데이 여의도센터 박형식입니다',
sysdate,
2,
1);
--------------------------------------------------------------------------------------
INSERT INTO trainers VALUES(
'likesun',
'111',
'손호준',
'121-784',
'서울특별시 마포구 도화동#마포트라펠리스1225호',
'바디플레닛짐',
'010-9417-9547',
19890906,
'SHJ84627@mail.com',
'u7.jpg',
4,
'홍길동',
1,
168,
78,
'트레이너에요',
'13/10/01',
1,
1);
--------------------------------------------------------------------------------------
INSERT INTO trainers VALUES(
'sinsung',
'111',
'신성록',
'135-904',
'강남구 압구정동#현대아파트41동1008호',
'휘트니스 더베네핏',
'010-8763-6873',
19891202,
'SinSeong@mail.com',
'u9.jpg',
7,
'스타킹',
1,
175,
70,
'휘트니스 더베네핏',
'13/12/01',
1,
1);
--------------------------------------------------------------------------------------
INSERT INTO trainers VALUES(
'actorYYS',
'111',
'유연석',
'120-759',
'서대문구 연희동#대림아파트1동705호',
'크로스핏',
'010-873-6461',
'19840411',
'ysahn48@mail.com',
'u10.jpg',
1,
'하면된다',
1,
180,
72,
'트레이너입니다~',
sysdate,
2,
1);


----------------------------

----------------------------
----------------------------
----------------------------

INSERT INTO trainers VALUES('trainer4','111','홍석천','123-123','서울시강북구미아동#a아파트',
'리키크로스핏짐','010-111-1111','19800202','trainer1@mail.com','0.jpg',1,'좌우명',1,180,70,'안녕하세요.트레이너입니다.','13/10/01',2, 2);

INSERT INTO trainers VALUES('trainer5','111','최철수','159-111','서울시마포구합정동#a빌라',
'A7휘트니스','010-111-2222','19850102','trainer2@mail.com','0.jpg',2,'별명',1,180,60,'안녕하세요.트레이너입니다.','13/10/01',2, 1);

INSERT INTO trainers VALUES('trainer6','111','유재석','129-122','서울시송파구석촌동#a아파트',
'마크짐 면목','010-111-1111','19800202','trainer3@mail.com','0.jpg',1,'좌우명',1,160,50,'안녕하세요.트레이너입니다.','13/10/01',2, 1);

INSERT INTO trainers VALUES('trainer7','111','최민형','199-111','서울시마포구망원동#a아파트',
'유피테르','010-111-2222','19850102','trainer4@mail.com','0.jpg',2,'별명',1,180,60,'안녕하세요.트레이너입니다.','13/10/01',2, 1);

INSERT INTO trainers VALUES('trainer8','111','하태웅','122-333','서울시종로구혜화동#a아파트',
'까르페디엠','010-111-1111','19800202','trainer5@mail.com','0.jpg',1,'좌우명',1,180,70,'안녕하세요.트레이너입니다.','13/10/01',2, 1);

INSERT INTO trainers VALUES('trainer9','111','하동훈','155-888','서울시마포구합정동#a아파트',
'더스타일짐','010-111-2222','19850102','trainer6@mail.com','0.jpg',2,'별명',1,180,60,'안녕하세요.트레이너입니다.','13/10/01',2, 1);

INSERT INTO trainers VALUES('trainer10','111','최민수','132-177','서울시강북구미아동#a아파트',
'숀리바디스쿨','010-111-1111','19800202','trainer7@mail.com','0.jpg',1,'좌우명',1,180,70,'안녕하세요.트레이너입니다.','13/10/01',2, 1);

INSERT INTO trainers VALUES('trainer11','111','채철수','123-666','서울시마포구합정동#a빌라',
'필라테스스튜디오','010-111-2222','19850102','trainer8@mail.com','0.jpg',2,'별명',1,180,60,'안녕하세요.트레이너입니다.','13/10/01',2, 1);

INSERT INTO trainers VALUES('trainer12','111','하유미','161-122','서울시송파구석촌동#102번지'
,'포레스트휘트니스','010-111-1111','19800202','trainer3@mail.com','0.jpg',1,'좌우명',1,160,50,'안녕하세요.트레이너입니다.','13/10/01',2, 1);

INSERT INTO trainers VALUES('trainer13','111','하드림','122-111','서울시마포구망원동#a빌라',
'나우휘트니스','010-111-2222','19850102','trainer4@mail.com','0.jpg',2,'별명',1,180,60,'안녕하세요.트레이너입니다.','13/10/01',2, 1);

INSERT INTO trainers VALUES('trainer14','111','황기호','123-122','서울시송파구석촌동#3층',
'휘트니스투데이군자','010-111-1111','19800202','trainer3@mail.com','0.jpg',1,'좌우명',1,160,50,'안녕하세요.트레이너입니다.','13/10/01',2, 1);

INSERT INTO trainers VALUES('trainer15','111','홍혜영','123-111','서울시마포구망원동#망원빌라',
'요가투바비','010-111-2222','19850102','trainer4@mail.com','0.jpg',2,'별명',1,180,60,'안녕하세요.트레이너입니다.','13/10/01',2, 1);

commit;




-------------------------------
-------------------------------
-------------------------------



------------------------------------------------------------------------------------------------------
INSERT INTO business VALUES(business_SEQ.NEXTVAL,
'trainer1','111-111-1111','테크노휘트니스',
'서울 중랑구 면목5동#161-34 화성빌딩 6층',
'131-821','02-435-4873','jmp1533@daum.net',
'면목 5동 동사무소 건너편 현대자동차 건물 6층에 위치. 20분 운동으로 60분 효과를~!! 
Johnson T8000 구비, Nautilus 웨이트 머신 구비운동복 및 수건 무료사용, 
찜질방 무료 운영시설 대비 저렴한 가격~!!',
37.5846364, 127.0801464,1, sysdate);

INSERT INTO businessimg VALUES(businessimg_SEQ.NEXTVAL,business_SEQ.currval,'1.jpg');
INSERT INTO businessimg VALUES(businessimg_SEQ.NEXTVAL,business_SEQ.currval,'2.jpg');
INSERT INTO businessimg VALUES(businessimg_SEQ.NEXTVAL,business_SEQ.currval,'3.jpg');
INSERT INTO businessimg VALUES(businessimg_SEQ.NEXTVAL,business_SEQ.currval,'4.jpg');

---------------------------------------------------------------

INSERT INTO business VALUES(business_SEQ.NEXTVAL,
'trainer2',
'111-111-1111',
'위너짐',
'서울 중랑구 묵동#164-4 자이프라자 지하2층',
'131-848',
'02-979-7100',
'jmp1533@daum.net',
'휘트니스센터',
37.6148704, 127.0779153,
2, sysdate);

INSERT INTO businessimg VALUES(businessimg_SEQ.NEXTVAL,business_SEQ.currval,'11.jpg');
INSERT INTO businessimg VALUES(businessimg_SEQ.NEXTVAL,business_SEQ.currval,'12.jpg');
INSERT INTO businessimg VALUES(businessimg_SEQ.NEXTVAL,business_SEQ.currval,'13.jpg');
INSERT INTO businessimg VALUES(businessimg_SEQ.NEXTVAL,business_SEQ.currval,'14.jpg');

---------------------------------------------------------------

INSERT INTO business VALUES(business_SEQ.NEXTVAL,
'trainer3',
'111-111-1111',
'탱크짐',
'서울 강서구 내발산동#654-3번지 4층',
'157-834',
'02-2662-4422',
'jmp1533@daum.net',
'운동의 즐거움이있는 탱크짐.발산역 7번출구 바로앞에있는 탱크짐 헬스장입니다!^^
즐겁게 운동하러오세요~ ',
37.5573825, 126.8373748,
2, sysdate);

INSERT INTO businessimg VALUES(businessimg_SEQ.NEXTVAL,business_SEQ.currval,'21.jpg');
INSERT INTO businessimg VALUES(businessimg_SEQ.NEXTVAL,business_SEQ.currval,'22.jpg');
INSERT INTO businessimg VALUES(businessimg_SEQ.NEXTVAL,business_SEQ.currval,'23.jpg');
INSERT INTO businessimg VALUES(businessimg_SEQ.NEXTVAL,business_SEQ.currval,'24.jpg');
INSERT INTO businessimg VALUES(businessimg_SEQ.NEXTVAL,business_SEQ.currval,'25.jpg');

---------------------------------------------------------------

INSERT INTO business VALUES(business_SEQ.NEXTVAL,
'HyungSikJJANG',
'111-111-1111',
'휘트니스투데이 여의도센터',
'서울 영등포구 여의도동#KTB투자증권 B1',
'150-010',
'02-782-7557 ',
'fitness-today@mail.com',
'여의도 최고의 시설을 자랑하는 휘트니스투데이 여의도센터 입니다.
이용 종목은 헬스 , GX, 골프, 스파 입니다.많은 이용 바랍니다.',
37.5283170, 126.9294250,
2, sysdate);

INSERT INTO businessimg VALUES(businessimg_SEQ.NEXTVAL,business_SEQ.currval,'31.jpg');
INSERT INTO businessimg VALUES(businessimg_SEQ.NEXTVAL,business_SEQ.currval,'32.jpg');
INSERT INTO businessimg VALUES(businessimg_SEQ.NEXTVAL,business_SEQ.currval,'33.jpg');
INSERT INTO businessimg VALUES(businessimg_SEQ.NEXTVAL,business_SEQ.currval,'34.jpg');
INSERT INTO businessimg VALUES(businessimg_SEQ.NEXTVAL,business_SEQ.currval,'35.jpg');

---------------------------------------------------------------

INSERT INTO business VALUES(business_SEQ.NEXTVAL,
'likesun',
'111-111-1111',
'바디플레닛짐',
'서울 강남구 역삼동#797-22번지',
'135-930',
'02-553-9688 ',
'bodyplanet5@mail.com',
'역삼동에 있는 바디플래닛짐은 깔끔하고 세련된 분위기의 휘트니스 센터입니다.
몸 상태에 알맞은 운동 방법을 안내해드립니다.',
37.4938217, 127.0397990,
2, sysdate);

INSERT INTO businessimg VALUES(businessimg_SEQ.NEXTVAL,business_SEQ.currval,'41.jpg');

---------------------------------------------------------------

INSERT INTO business VALUES(business_SEQ.NEXTVAL,
'sinsung',
'111-111-1111',
'휘트니스 더베네핏',
'서울 강남구 역삼동#747-25 역삼빌딩 지하1층 휘트니스 더베네핏',
'135-925',
'02-539-8281',
'thebenefit0@mail.com',
'강남PT,역삼동헬스장,역삼역휘트니스,퍼스널트레이닝전문,다이어트클래스PT',
37.4963825, 127.0386223,
2, sysdate);

INSERT INTO businessimg VALUES(businessimg_SEQ.NEXTVAL,business_SEQ.currval,'51.jpg');
INSERT INTO businessimg VALUES(businessimg_SEQ.NEXTVAL,business_SEQ.currval,'52.jpg');
INSERT INTO businessimg VALUES(businessimg_SEQ.NEXTVAL,business_SEQ.currval,'53.jpg');
INSERT INTO businessimg VALUES(businessimg_SEQ.NEXTVAL,business_SEQ.currval,'54.jpg');
INSERT INTO businessimg VALUES(businessimg_SEQ.NEXTVAL,business_SEQ.currval,'55.jpg');

---------------------------------------------------------------

INSERT INTO business VALUES(business_SEQ.NEXTVAL,
'actorYYS',
'111-111-1111',
'크로스핏',
'서울 강남구 논현동 #19-2 성현빌딩 2층',
'135-813',
'02-516-6744 ',
'crossfitgn4@mail.com',
'휘트니스센터 크로스핏!',
37.5133757, 127.0208550,
2, sysdate);

INSERT INTO businessimg VALUES(businessimg_SEQ.NEXTVAL,business_SEQ.currval,'61.jpg');
INSERT INTO businessimg VALUES(businessimg_SEQ.NEXTVAL,business_SEQ.currval,'62.jpg');
INSERT INTO businessimg VALUES(businessimg_SEQ.NEXTVAL,business_SEQ.currval,'63.jpg');
INSERT INTO businessimg VALUES(businessimg_SEQ.NEXTVAL,business_SEQ.currval,'64.jpg');

---------------------------------------------------------------

INSERT INTO business VALUES(business_SEQ.NEXTVAL,
'trainer4',
'111-111-1111',
'리키크로스핏짐',
'서울 송파구 가락동#164-24 동희빌딩F1층',
'138-810',
'02-403-3663',
'leeki99@naver.com',
'헬스 PT 요가 줌바 스피닝 크로스핏',
37.4967601, 127.1317224,
2, sysdate);

INSERT INTO businessimg VALUES(businessimg_SEQ.NEXTVAL,business_SEQ.currval,'71.jpg');

---------------------------------------------------------------

INSERT INTO business VALUES(business_SEQ.NEXTVAL,
'trainer5',
'111-111-1111',
'A7휘트니스',
'서울 종로구 관수동 #21-7 국일관 드림펠리스 10층',
'110-420',
'02-2278-0555',
'a7fitness@mail.com',
'휘트니스센터 A7 휘트니스',
37.5696193, 126.9900814,
2, sysdate);

INSERT INTO businessimg VALUES(businessimg_SEQ.NEXTVAL,business_SEQ.currval,'81.jpg');
INSERT INTO businessimg VALUES(businessimg_SEQ.NEXTVAL,business_SEQ.currval,'82.jpg');
INSERT INTO businessimg VALUES(businessimg_SEQ.NEXTVAL,business_SEQ.currval,'83.jpg');
INSERT INTO businessimg VALUES(businessimg_SEQ.NEXTVAL,business_SEQ.currval,'84.jpg');

---------------------------------------------------------------

INSERT INTO business VALUES(business_SEQ.NEXTVAL,
'trainer6',
'111-111-1111',
'마크짐 면목',
'서울 중랑구 면목7동#650 카멜리아 쇼핑센터 2층',
'131-828',
'02-433-9764',
'mkgym@mail.com',
'골프, 헬스, 핫요가, 에어로빅, 바디킥, 크로스핏,바디펌프',
37.5795402, 127.0863084,
2, sysdate);

INSERT INTO businessimg VALUES(businessimg_SEQ.NEXTVAL,business_SEQ.currval,'91.jpg');
INSERT INTO businessimg VALUES(businessimg_SEQ.NEXTVAL,business_SEQ.currval,'92.jpg');
INSERT INTO businessimg VALUES(businessimg_SEQ.NEXTVAL,business_SEQ.currval,'93.jpg');
INSERT INTO businessimg VALUES(businessimg_SEQ.NEXTVAL,business_SEQ.currval,'94.jpg');
INSERT INTO businessimg VALUES(businessimg_SEQ.NEXTVAL,business_SEQ.currval,'95.jpg');

---------------------------------------------------------------

INSERT INTO business VALUES(business_SEQ.NEXTVAL,
'trainer7',
'111-111-1111',
'유피테르',
'서울종로구내수동#403호',
'110-070',
'02-856-1946',
'iu@mail.com',
'종로, 광화문 최대최고의 퍼스널트레이닝스튜디오입니다. 
많은 이용 부탁드립니다. ^^',
37.5729420, 126.9722000,
2, sysdate);

INSERT INTO businessimg VALUES(businessimg_SEQ.NEXTVAL,business_SEQ.currval,'101.jpg');
INSERT INTO businessimg VALUES(businessimg_SEQ.NEXTVAL,business_SEQ.currval,'102.jpg');
INSERT INTO businessimg VALUES(businessimg_SEQ.NEXTVAL,business_SEQ.currval,'103.jpg');
---------------------------------------------------------------

INSERT INTO business VALUES(business_SEQ.NEXTVAL,
'trainer8',
'111-111-1111',
'까르페디엠',
'서울 동대문구 장안동 #371-1 삼성쉐르빌지하1층 까르페디엠휘트니스센터',
'130-101',
' 02-2217-8989 ',
'carpediem@mail.com',
'호텔식휘트니스, 골프, 헬스, 핫요가, 스피닝, 퍼스널트레이닝, 댄스',
37.5716753, 127.0698761,
2, sysdate);

INSERT INTO businessimg VALUES(businessimg_SEQ.NEXTVAL,business_SEQ.currval,'111.jpg');
INSERT INTO businessimg VALUES(businessimg_SEQ.NEXTVAL,business_SEQ.currval,'112.jpg');
INSERT INTO businessimg VALUES(businessimg_SEQ.NEXTVAL,business_SEQ.currval,'113.jpg');
INSERT INTO businessimg VALUES(businessimg_SEQ.NEXTVAL,business_SEQ.currval,'114.jpg');
INSERT INTO businessimg VALUES(businessimg_SEQ.NEXTVAL,business_SEQ.currval,'115.jpg');

---------------------------------------------------------------

INSERT INTO business VALUES(business_SEQ.NEXTVAL,
'trainer9',
'111-111-1111',
'더스타일짐',
'서울 강남구 역삼동 #755 한솔필리아 2층 31호',
'135-081',
'02-553-7881',
'thestylegym@mail.com',
'소개',
37.4992232, 127.0484477,
2, sysdate);

INSERT INTO businessimg VALUES(businessimg_SEQ.NEXTVAL,business_SEQ.currval,'121.jpg');
INSERT INTO businessimg VALUES(businessimg_SEQ.NEXTVAL,business_SEQ.currval,'122.jpg');

---------------------------------------------------------------
INSERT INTO business VALUES(business_SEQ.NEXTVAL,
'trainer10',
'111-111-1111',
'숀리바디스쿨',
'서울 강남구 논현동 #228-4',
'135-011',
'02-518-8974',
'bodyschool@mail.com',
'일대일 맞춤트레이닝, 다수연예인관리, 비만탈출 집중관리',
37.5092556, 127.0335834,
2, sysdate);

INSERT INTO businessimg VALUES(businessimg_SEQ.NEXTVAL,business_SEQ.currval,'131.jpg');
INSERT INTO businessimg VALUES(businessimg_SEQ.NEXTVAL,business_SEQ.currval,'132.jpg');
INSERT INTO businessimg VALUES(businessimg_SEQ.NEXTVAL,business_SEQ.currval,'133.jpg');
INSERT INTO businessimg VALUES(businessimg_SEQ.NEXTVAL,business_SEQ.currval,'134.jpg');
INSERT INTO businessimg VALUES(businessimg_SEQ.NEXTVAL,business_SEQ.currval,'135.jpg');

---------------------------------------------------------------

INSERT INTO business VALUES(business_SEQ.NEXTVAL,
'trainer11',
'111-111-1111',
'필라테스스튜디오',
'서울 서초구 서초동#1316-5 부띠끄모나코 508호',
'137-071',
'02-536-9675',
'lovepilates@mail.com',
'강남역 필라테스스튜디오, 체형교정, 파워필라테스, 통증크리닉, 재활치료',
37.4974876, 127.0245236,
2, sysdate);

INSERT INTO businessimg VALUES(businessimg_SEQ.NEXTVAL,business_SEQ.currval,'141.jpg');
INSERT INTO businessimg VALUES(businessimg_SEQ.NEXTVAL,business_SEQ.currval,'142.jpg');
INSERT INTO businessimg VALUES(businessimg_SEQ.NEXTVAL,business_SEQ.currval,'143.jpg');
INSERT INTO businessimg VALUES(businessimg_SEQ.NEXTVAL,business_SEQ.currval,'144.jpg');
INSERT INTO businessimg VALUES(businessimg_SEQ.NEXTVAL,business_SEQ.currval,'145.jpg');
---------------------------------------------------------------

INSERT INTO business VALUES(business_SEQ.NEXTVAL,
'trainer12',
'111-111-1111',
'포레스트휘트니스',
'서울 강남구 삼성동#144-14 채널리저브 B2',
'135-091',
'02-554-0644 ',
'forest-fitness@mail.com',
'국가대표 헬스장추천, 전임강사, 신규회원PT지원, 1대1맞춤레슨, 주차무료',
37.5080129, 127.0554061,
2, sysdate);

INSERT INTO businessimg VALUES(businessimg_SEQ.NEXTVAL,business_SEQ.currval,'151.jpg');
INSERT INTO businessimg VALUES(businessimg_SEQ.NEXTVAL,business_SEQ.currval,'152.jpg');
INSERT INTO businessimg VALUES(businessimg_SEQ.NEXTVAL,business_SEQ.currval,'153.jpg');
INSERT INTO businessimg VALUES(businessimg_SEQ.NEXTVAL,business_SEQ.currval,'154.jpg');
INSERT INTO businessimg VALUES(businessimg_SEQ.NEXTVAL,business_SEQ.currval,'155.jpg');

---------------------------------------------------------------

INSERT INTO business VALUES(business_SEQ.NEXTVAL,
'trainer13',
'111-111-1111',
'나우휘트니스',
'서울 광진구 구의1동#252-1',
'143-201',
'02-452-0431',
'nowfotmess@mail.com',
'나우휘트니스',
37.5394999, 127.0847077,
2, sysdate);

INSERT INTO businessimg VALUES(businessimg_SEQ.NEXTVAL,business_SEQ.currval,'161.jpg');
INSERT INTO businessimg VALUES(businessimg_SEQ.NEXTVAL,business_SEQ.currval,'162.jpg');
INSERT INTO businessimg VALUES(businessimg_SEQ.NEXTVAL,business_SEQ.currval,'163.jpg');
INSERT INTO businessimg VALUES(businessimg_SEQ.NEXTVAL,business_SEQ.currval,'164.jpg');
---------------------------------------------------------------

INSERT INTO business VALUES(business_SEQ.NEXTVAL,
'trainer14',
'111-111-1111',
'휘트니스투데이군자',
'서울 광진구 중곡동 #157-1 공영빌딩6층',
'143-221',
'02-3437-3669',
'fitnesstoday@mail.com',
'휘트니스투데이 군자센터 입니다.',
37.5576281, 127.0800551,
2, sysdate);

INSERT INTO businessimg VALUES(businessimg_SEQ.NEXTVAL,business_SEQ.currval,'171.jpg');
INSERT INTO businessimg VALUES(businessimg_SEQ.NEXTVAL,business_SEQ.currval,'172.jpg');
INSERT INTO businessimg VALUES(businessimg_SEQ.NEXTVAL,business_SEQ.currval,'173.jpg');

---------------------------------------------------------------

INSERT INTO business VALUES(business_SEQ.NEXTVAL,
'trainer15',
'111-111-1111',
'요가투바비',
'서울 강남구 청담동 #46-19 청담서울클리닉 8층',
'135-100',
'02-515-8177',
'ytobb@mail.com',
'강남구청담동위치, 핫요가등 요가, 다이어트프로그램, 시설, 지도자과정',
37.5187697, 127.0483331,
2, sysdate);

INSERT INTO businessimg VALUES(businessimg_SEQ.NEXTVAL,business_SEQ.currval,'181.jpg');
INSERT INTO businessimg VALUES(businessimg_SEQ.NEXTVAL,business_SEQ.currval,'182.jpg');
INSERT INTO businessimg VALUES(businessimg_SEQ.NEXTVAL,business_SEQ.currval,'183.jpg');
INSERT INTO businessimg VALUES(businessimg_SEQ.NEXTVAL,business_SEQ.currval,'184.jpg');
INSERT INTO businessimg VALUES(businessimg_SEQ.NEXTVAL,business_SEQ.currval,'185.jpg');

---------------------------------------------------------------

INSERT INTO business VALUES(business_SEQ.NEXTVAL,
'trainer4',
'111-111-1111',
'반트',
'서울 강남구 도곡동#467-29 반트',
'135-271',
'02-3498-0000',
' vantt@mail.com',
'반트',
37.4872921, 127.0527778,
2, sysdate);

INSERT INTO businessimg VALUES(businessimg_SEQ.NEXTVAL,business_SEQ.currval,'191.jpg');
INSERT INTO businessimg VALUES(businessimg_SEQ.NEXTVAL,business_SEQ.currval,'192.jpg');
INSERT INTO businessimg VALUES(businessimg_SEQ.NEXTVAL,business_SEQ.currval,'193.jpg');
INSERT INTO businessimg VALUES(businessimg_SEQ.NEXTVAL,business_SEQ.currval,'194.jpg');
INSERT INTO businessimg VALUES(businessimg_SEQ.NEXTVAL,business_SEQ.currval,'195.jpg');

---------------------------------------------------------------

INSERT INTO business VALUES(business_SEQ.NEXTVAL,
'trainer5',
'111-111-1111',
'리더짐',
'서울 강남구 대치동 #타워엠프리스빌딩 F1층',
'135-281',
'02-501-3376',
'ldgym@mail.com',
'휘트니스센터',
37.4931401, 127.0566765,
2, sysdate);

INSERT INTO businessimg VALUES(businessimg_SEQ.NEXTVAL,business_SEQ.currval,'201.jpg');

---------------------------------------------------------------


INSERT INTO business VALUES(business_SEQ.NEXTVAL,
'trainer6',
'111-111-1111',
'재미짐',
'서울 강남구 신사동#535-9 금화빌딩F1층',
'135-120',
'02-517-0046',
'jaemigym@mail.com',
'재미짐',
37.5193776, 127.0226011,
2, sysdate);

INSERT INTO businessimg VALUES(businessimg_SEQ.NEXTVAL,business_SEQ.currval,'211.jpg');
INSERT INTO businessimg VALUES(businessimg_SEQ.NEXTVAL,business_SEQ.currval,'212.jpg');
INSERT INTO businessimg VALUES(businessimg_SEQ.NEXTVAL,business_SEQ.currval,'213.jpg');
INSERT INTO businessimg VALUES(businessimg_SEQ.NEXTVAL,business_SEQ.currval,'214.jpg');

---------------------------------------------------------------

INSERT INTO business VALUES(business_SEQ.NEXTVAL,
'trainer7',
'111-111-1111',
'메드핏',
'서울강남구역삼동#641-3노바빌딩F1층',
'135-081',
'070-8128-5571',
'madfit@mail.com',
'메드핏',
37.5030625, 127.0354621,
2, sysdate);

INSERT INTO businessimg VALUES(businessimg_SEQ.NEXTVAL,business_SEQ.currval,'221.jpg');
INSERT INTO businessimg VALUES(businessimg_SEQ.NEXTVAL,business_SEQ.currval,'222.jpg');
INSERT INTO businessimg VALUES(businessimg_SEQ.NEXTVAL,business_SEQ.currval,'223.jpg');
INSERT INTO businessimg VALUES(businessimg_SEQ.NEXTVAL,business_SEQ.currval,'224.jpg');
---------------------------------------------------------------

INSERT INTO business VALUES(business_SEQ.NEXTVAL,
'trainer8',
'111-111-1111',
'아메리카핫요가',
'서울 종로구 관철동#45-1대왕빌딩605호',
'110-111',
'02-720-2118',
'americahotyoga@mail.com',
'종로에 위치한 아메리카핫요가!',
37.5697342, 126.9842816,
2, sysdate);

INSERT INTO businessimg VALUES(businessimg_SEQ.NEXTVAL,business_SEQ.currval,'231.jpg');
INSERT INTO businessimg VALUES(businessimg_SEQ.NEXTVAL,business_SEQ.currval,'232.jpg');

---------------------------------------------------------------


INSERT INTO business VALUES(business_SEQ.NEXTVAL,
'trainer9',
'111-111-1111',
'웨스트엔드월드짐',
'서울 강서구 내발산동#750-9 문화센터9층',
'157-280',
'02-2667-1414',
'westend@mail.com',
' 웨스트엔드월드짐 ',
37.5526943, 126.8266847,
2, sysdate);

INSERT INTO businessimg VALUES(businessimg_SEQ.NEXTVAL,business_SEQ.currval,'241.jpg');
INSERT INTO businessimg VALUES(businessimg_SEQ.NEXTVAL,business_SEQ.currval,'242.jpg');
INSERT INTO businessimg VALUES(businessimg_SEQ.NEXTVAL,business_SEQ.currval,'243.jpg');
INSERT INTO businessimg VALUES(businessimg_SEQ.NEXTVAL,business_SEQ.currval,'244.jpg');

---------------------------------------------------------------

INSERT INTO business VALUES(business_SEQ.NEXTVAL,
'trainer10',
'111-111-1111',
'한림휘트니스',
'서울 광진구 화양동#7-3 지하1층',
'143-130',
'02-2115-6488',
'mx@mail.com',
'한림휘트니스',
37.5408147, 127.0690312,
2, sysdate);

INSERT INTO businessimg VALUES(businessimg_SEQ.NEXTVAL,business_SEQ.currval,'251.jpg');


---------------------------------------------------------------

INSERT INTO business VALUES(business_SEQ.NEXTVAL,
'trainer11',
'111-111-1111',
'로얄스포렉스',
'서울 도봉구 창2동#804 대우아파트 상가 3층',
'132-042',
'02-903-7111',
'rr@mail.com',
'로얄스포렉스',
37.6423689, 127.0375412,
2, sysdate);

INSERT INTO businessimg VALUES(businessimg_SEQ.NEXTVAL,business_SEQ.currval,'261.jpg');
INSERT INTO businessimg VALUES(businessimg_SEQ.NEXTVAL,business_SEQ.currval,'262.jpg');
INSERT INTO businessimg VALUES(businessimg_SEQ.NEXTVAL,business_SEQ.currval,'263.jpg');
INSERT INTO businessimg VALUES(businessimg_SEQ.NEXTVAL,business_SEQ.currval,'264.jpg');
---------------------------------------------------------------

INSERT INTO business VALUES(business_SEQ.NEXTVAL,
'trainer12',
'111-111-1111',
'JH휘트니스',
'서울 도봉구 쌍문동#694-1',
'132-031',
'02-990-7222',
'JH@mail.com',
'JH휘트니스',
37.6544750, 127.0377856,
2, sysdate);

INSERT INTO businessimg VALUES(businessimg_SEQ.NEXTVAL,business_SEQ.currval,'271.jpg');
INSERT INTO businessimg VALUES(businessimg_SEQ.NEXTVAL,business_SEQ.currval,'272.jpg');
INSERT INTO businessimg VALUES(businessimg_SEQ.NEXTVAL,business_SEQ.currval,'273.jpg');
INSERT INTO businessimg VALUES(businessimg_SEQ.NEXTVAL,business_SEQ.currval,'274.jpg');
INSERT INTO businessimg VALUES(businessimg_SEQ.NEXTVAL,business_SEQ.currval,'275.jpg');

---------------------------------------------------------------

INSERT INTO business VALUES(business_SEQ.NEXTVAL,
'trainer10',
'111-111-1111',
'해피한휘트니스센터',
'서울 노원구 중계1동#360-2',
'139-221',
'02-933-2100',
'jklo@mail.com',
'해피한휘트니스센터',
37.6498321, 127.0743485,
2, sysdate);

INSERT INTO businessimg VALUES(businessimg_SEQ.NEXTVAL,business_SEQ.currval,'281.jpg');
INSERT INTO businessimg VALUES(businessimg_SEQ.NEXTVAL,business_SEQ.currval,'282.jpg');
INSERT INTO businessimg VALUES(businessimg_SEQ.NEXTVAL,business_SEQ.currval,'283.jpg');
---------------------------------------------------------------

INSERT INTO business VALUES(business_SEQ.NEXTVAL,
'trainer11',
'111-111-1111',
'닥터스휘트니스',
'서울 관악구 봉천동#927-21 주원빌딩 7층',
'151-050',
'02-884-0440',
'qwer@mail.com',
'닥터스휘트니스',
37.4779618, 126.9534602,
2, sysdate);

INSERT INTO businessimg VALUES(businessimg_SEQ.NEXTVAL,business_SEQ.currval,'291.jpg');
INSERT INTO businessimg VALUES(businessimg_SEQ.NEXTVAL,business_SEQ.currval,'292.jpg');
INSERT INTO businessimg VALUES(businessimg_SEQ.NEXTVAL,business_SEQ.currval,'293.jpg');
INSERT INTO businessimg VALUES(businessimg_SEQ.NEXTVAL,business_SEQ.currval,'294.jpg');
INSERT INTO businessimg VALUES(businessimg_SEQ.NEXTVAL,business_SEQ.currval,'295.jpg');

commit;